{"cameraMode":{"drawMode":0,"name":"Shaded","section":"Shading Mode"},"sceneLighting":true,"audioPlay":false,"sceneViewState":{"showFog":true,"showMaterialUpdate":false,"showSkybox":true,"showFlares":true,"showImageEffects":true,"showParticleSystems":true},"in2DMode":false,"pivot":{"x":-1.48551607131958,"y":-1.911902666091919,"z":2.1357421875},"rotation":{"x":-0.012989960610866547,"y":-0.9346040487289429,"z":0.3538147211074829,"w":-0.03431957960128784},"size":23.745845794677736,"orthographic":true}